en_name,cn_name
1 On 1 (J) (SPG) (Jorudan),一对一
19 03 Agano Hatsu Yakou Ressha (J) (AVG) (Visit),19时03分 - 上野发夜光列车
Ace Combat (J) (STG) (Namco),皇牌空战
Ace Combat 2 (J) (STG) (Namco),皇牌空战 2
Ace Combat 3 Electrosphere (J) (STG) (Namco),皇牌空战 3 A
Ace Combat 3 Electrosphere (J) (STG) (Namco),皇牌空战 3 B
Adventure Of Puppet Princess (J) (RPG) (Nippon Ichi Software),玛鲁王国的人形姬
Aizouban Houshinengi (J) (S RPG) (Koei),封神演义 - 爱藏版
Akumajo Dracula X Gekka No Yasoukyoku (J) (ACT),恶魔城 - 月下夜想曲
Akumajo Dracula X Simple Chinese Patch V2 0 (CHS) (ACT) (Konami),恶魔城 - 月下夜想曲 简体中文汉化补丁 V2 0
Alive (J) (AVG) (General Entertainment),生存 A
Alive (J) (AVG) (General Entertainment),生存 B
Alive (J) (AVG) (General Entertainment),生存 C
Alundra (J) (A RPG) (SCEI),阿兰多拉
Alundra 2 (J) (A RPG) (SCEI),阿兰多拉 2
Aoki Ookami To Shiroki Meshika Genchou Hishi (J) (SLG) (Koei),苍狼与白鹿 - 元朝秘史
Ape Escape (E) (ACT) (SCEE),捉猴
Arc The Lad I (U) (RPG) (Working Designs),妖精战士 I
Arc The Lad II (U) (RPG) (Working Designs),妖精战士 II
Arc The Lad III (U) (RPG) (Working Designs),妖精战士 III A
Arc The Lad III (U) (RPG) (Working Designs),妖精战士 III B
Arc The Lad Monster Tournament Battle Arena (U) (RPG) (Working Designs),妖精战士 - 怪物赌博
Army Men Air Attack (U) (ACT) (3DO),玩具兵人 - 空中突袭
Army Men Air Attack 2 (U) (ACT) (3DO),玩具兵人 - 空中突袭 2
Army Men Green Rogue (J) (ACT) (3DO),玩具兵人 - 绿流氓
Army Men World War (U) (ACT) (3DO),玩具兵人 - 世界大战
Arthur To Astaroth Nazomakaimura Incredible Toons (J) (PUZ) (Capcom),迷之魔界村
Assault Suits Valken 2 (J) (S RPG) (NCS),重装机兵 2
Astronoka (J) (SLG) (Enix),宇宙农场
Atelier Elie (J) (RPG) (Gust),炼金术士 - 艾莉
Aura Battler Dunbine (J) (S RPG) (Bandai),圣战士坦拜因 - 圣战士传说
Azito (J) (SLG) (Astec21),秘密基地建设
Azito 2 (J) (SLG) (Banpresto),秘密基地建设 2
Azito 3 (J) (SLG) (Banpresto),秘密基地建设 3
B l u e Legend Of Water (J) (AVG) (Hudson),蔚蓝 - 水之传奇
Bealphareth (J) (A RPG) (SCEI),偶然遗迹
Beatmania 6th Mix Core Remix (J) (MUG) (Konami),狂热节拍 6th Mix Core Remix
Beatmania Append 3rd Mix (J) (MUG) (Konami),狂热节拍 3rd Mix
Beatmania Append 4th Mix (J) (MUG) (Konami),狂热节拍 4th Mix
Beatmania Append 5th Mix (J) (MUG) (Konami),狂热节拍 5th Mix
Beatmania Append Club Mix (J) (MUG) (Konami),狂热节拍 Club Mix
Beatmania Append Gotta Mix (J) (MUG) (Konami),狂热节拍 Gotta Mix
Beatmania Append Gotta Mix 2 (J) (MUG) (Konami),狂热节拍 Gotta Mix 2
Beatmania Arcade 2nd Mix Append Yebisu Mix (J) (MUG) (Konami),狂热节拍 2nd Mix A
Beatmania Arcade 2nd Mix Append Yebisu Mix (J) (MUG) (Konami),狂热节拍 2nd Mix B
Biohazard - Gun Survivor (J) (STG) (Capcom),生化危机 - 枪下游魂
Biohazard 2 Dual Shock Version (J) (AVG) (Capcom),生化危机 2 - 震动版 A
Biohazard 2 Dual Shock Version (J) (AVG) (Capcom),生化危机 2 - 震动版 B
Biohazard 3 Last Escape (J) (AVG) (Capcom),生化危机 3 - 最后逃亡
Biohazard Director's Cut Dual Shock Version (J) (AVG) (Capcom),生化危机 - 导演剪辑震动版 A
Biohazard Director's Cut Dual Shock Version (J) (AVG) (Capcom),生化危机 - 导演剪辑震动版 B
Bishi Bashi Special (J) (ETC) (Konami),徐徐大作战
Bishi Bashi Special 2 (J) (ETC) (Konami),徐徐大作战 2
Bishi Bashi Special 3 (J) (ETC) (Konami),徐徐大作战 3
Black Matrix 00 (J) (S RPG) (NEC Interchannel),正邪幻想曲 00 B
Black Matrix 00 (J) (S RPG) (NEC Interchannel),正邪幻想曲 00 A
Black Matrix Cross (J) (S RPG) (NEC Interchannel),正邪幻想曲 Cross A
Black Matrix Cross (J) (S RPG) (NEC Interchannel),正邪幻想曲 Cross B
Bokanto Ippatsu! Doronbo Time Bokan Shirizu (J) (STG) (Banpresto),小双侠
Boku No Natsuyasumi (J) (AVG) (SCEI),我的暑假
Bokujyoukeieteki Board Game Umapoly (J) (TAB) (Konami),牧场大富翁
Bomberman Land (J) (ACT) (Hudson),炸弹人大陆
Bomberman Wars (J) (SLG) (Hudson),炸弹人战争
Bomberman World (J) (ACT) (Hudson),炸弹人世界
Brave Fencer - Musashiden (J) (ACT) (Square),勇敢的剑士 - 武藏传
Brave Saga 2 (J) (S RPG) (Takara),勇者传说 2 B
Brave Saga 2 (J) (S RPG) (Takara),勇者传说 2 A
Brave Saga Shin Sedai Robot Senki (J) (S RPG) (Takara),勇者传说 - 新世代机器人战记
Breath Of Fire III (J) (RPG) (Capcom),龙战士 III
Breath Of Fire III (U) (RPG) (Capcom),龙战士 III
Breath Of Fire IV (J) (RPG) (Capcom),龙战士 IV
Breath Of Fire IV (U) (RPG) (Capcom),龙战士 IV
Brigandine Grand Edition (J) (S RPG) (Hearty Robin),幻想大陆战记 加强版 A
Brigandine Grand Edition (J) (S RPG) (Hearty Robin),幻想大陆战记 加强版 B
Burger Burger (J) (SLG) (Gaps),汉堡包
Burger Burger 2 (J) (SLG) (Gaps),汉堡包 2
Bust A Move (J) (MUG) (Enix),纵情跳跃
Bust A Move 2 (J) (MUG) (Enix),纵情跳跃 2
C The Contra Adventure (U) (STG) (Konami),魂斗罗 - 进化
Capcom Vs SNK Millennium Fight 2000 Pro (J) (FTG) (Capcom),街霸对拳皇
Captain Commando (J) (ACT) (Capcom),名将
Captain Tsubasa Aratanaru Densetsu Josho (J) (SPG) (Konami),天使之翼 - 新传说的序章
Captain Tsubasa J Get In The Tomorrow (J) (SPG) (Bandai),天使之翼 - 通往明天之路
Castlevania Chronicle Akumajo Dracula (J) (ACT) (Konami),恶魔城年代记
Chocobo No Fushigina Dungeon (J) (A RPG) (Square),陆行鸟不可思议迷宫
Chocobo No Fushigina Dungeon 2 (J) (A RPG) (Square),陆行鸟不可思议迷宫 2
Chocobo Racing (U) (RAC) (Square),路行鸟赛车
Choro Q Wonderful! (J) (RAC) (Takara),Q 版赛车 4
Chrono Cross (J) (RPG) (Square),穿越时空
Chrono Cross (U) (RPG) (Square),穿越时空 A
Chrono Cross (U) (RPG) (Square),穿越时空 B
Chrono Trigger (J) (RPG) (Square),时空之轮
Civilization (J) (SLG) (Microprose),文明
Civizard Majutsu No Keifu (J) (SLG) (Asmik Ace) Civizard,魔术的系谱
Clock Tower 2 (J) (AVG) (Human),钟楼 2
Clock Tower Ghost Head (J) (AVG) (Human),钟楼 - 幽灵之首
Clock Tower The First Fear (J) (AVG) (Human),钟楼 - 首度恐惧
Clock Tower The First Fear Simple Chinese Patch (CHS) (AVG) (Human),钟楼 - 首度恐惧 简体中文汉化补丁
Combat Choro Q (J) (STG) (Takara),Q 版坦克
Countdown Vampires (J) (AVG) (Bandai),世纪末吸血鬼 B
Countdown Vampires (J) (AVG) (Bandai),世纪末吸血鬼 A
Cowboy Bebop (J) (STG) (Bandai),星际牛仔
Crash Bandicoot Carnival (J) (ACT) (SCEI),蛊惑狼 - 嘉年华
Crash Team Racing (U) (RAC) (SCEA),蛊惑狼赛车
Culdcept Expansion Plus (J) (CAG) (Media Factory),卡片召唤师加强版
Daikoukai Jidai Gaiden (J) (SLG) (Koei),大航海时代外传
Daikoukai Jidai II (J) (SLG) (Koei),大航海时代 II
Daikoukai Jidai IV (J) (SLG) (Koei),大航海时代 IV
Dance Dance Revolution 1st Mix (J) (MUG) (Konami),劲舞革命
Dance Dance Revolution 2nd Remix (J) (MUG) (Konami,) 劲舞革命 2
Dance Dance Revolution 3rd Mix (J) (MUG) (Konami),劲舞革命 3
Dance Dance Revolution 4th Mix (J) (MUG) (Konami),劲舞革命 4
Dance Dance Revolution 5th Mix (J) (MUG) (Konami),劲舞革命 5
Dance Dance Revolution Best Hits (J) (MUG) (Konami),劲舞革命 - 最佳精选
Dance Dance Revolution Disney Mix (U) (MUG) (Konami),劲舞革命 - 迪斯尼
Dance Dance Revolution Euromix (E) (MUG) (Konami),劲舞革命 - 欧洲
Dance Dance Revolution Extra Mix (J) (MUG) (Konami),劲舞革命 - 特别版
Dance Dance Revolution Konamix (U) (MUG) (Konami),劲舞革命 - 科乐美
Dance Dance Revolution Oha Star (J) (MUG) (Konami),劲舞革命 - Oha Star
Dead Or Alive (J) (FTG) (Tecmo),死或生
Devil Dice (E) (PUZ) (Shift),魔鬼骰子
Devil Summoner Soul Hackers (J) (RPG) (Atlus),恶魔召唤师 - 灵魂黑客 A
Devil Summoner Soul Hackers (J) (RPG) (Atlus),恶魔召唤师 - 灵魂黑客 B
Dewprism (J) (A RPG) (Square),晶莹之露
Diablo (U) (A RPG) (Blizzard),暗黑破坏神
Digical League (J) (SPG) (Square),棒球联盟
Dino Crisis (J) (AVG) (Capcom),恐龙危机
Dokapon! Ikari No Tetsuken (J) (TAB) (Asmik Ace),多卡邦 - 怒之铁剑
Dokyusei 2 (J) (AVG) (ELF),同级生 2
Doraemon 2 SOS! Otogi No Kuni (J) (ACT) (Epoch),机器猫 2 - 童话之国
Doraemon 3 Makai No Dungeon (J) (A RPG) (Epoch),机器猫 3 - 魔界的迷宫
Doraemon Nobitaito Fukkatsu No Hoshi (J) (ACT) (Epoch),机器猫 - 野比和复活之星
Dragon Ball Z Idainaru Dragon Ball Densetsu (J) (ACT) (Bandai),龙珠 Z - 伟大龙珠传说
Dragon Knight 4 (J) (S RPG) (Elf),龙骑士 4
Dragon Quest IV (J) (RPG) (Enix),勇者斗恶龙 IV
Dragon Quest Monsters 1 & 2 (J) (RPG) (Enix),勇者斗恶龙怪物篇 1 & 2
Dragon Quest VII (J) (RPG) (Enix),勇者斗恶龙 VII A
Dragon Quest VII (J) (RPG) (Enix),勇者斗恶龙 VII B
Dragon Valor (J) (A RPG) (Namco),屠龙战记 A
Dragon Valor (J) (A RPG) (Namco),屠龙战记 B
Dragon Warrior VII (U) (RPG) (Enix),勇者斗恶龙 VII A
Dragon Warrior VII (U) (RPG) (Enix),勇者斗恶龙 VII B
Dungeon Shoutenkai (J) (RPG) (Kodansha),迷宫商店会 - 传说之剑
Einhander (J) (STG) (Square),独臂擎天
Epica Stella (J) (S RPG) (Human),圣剑巨人
Eternal Eyes (U) (RPG) (Sunsoft),悠久之瞳
Eve The Fatal Attraction Limited Edition (J) (AVG) (C's Ware),夜行侦探 - 致命诱惑 A
Eve The Fatal Attraction Limited Edition (J) (AVG) (C's Ware),夜行侦探 - 致命诱惑 B
Eve The Fatal Attraction Limited Edition (J) (AVG) (C's Ware),夜行侦探 - 致命诱惑 C
FEDA 2 White Surge The Platoon (J) (S RPG) (Yanoman),正义之纹章 2
Final Fantasy Ⅰ(J) (RPG) (Square),最终幻想 Ⅰ
Final Fantasy Ⅱ (SCH) (RPG) (Square),最终幻想 Ⅱ
Final Fantasy Ⅳ (U) (RPG) (Square),最终幻想 Ⅳ
Final Fantasy Ⅴ (U) (RPG) (Square),最终幻想 Ⅴ
Final Fantasy Ⅵ (U) (RPG) (Square),最终幻想 Ⅵ
Final Fantasy IX (J) (RPG) (Square),最终幻想 IX A
Final Fantasy IX (J) (RPG) (Square),最终幻想 IX B
Final Fantasy IX (J) (RPG) (Square),最终幻想 IX C
Final Fantasy IX (J) (RPG) (Square),最终幻想 IX D
Final Fantasy IX (U) (RPG) (Square),最终幻想 IX A
Final Fantasy IX (U) (RPG) (Square),最终幻想 IX B
Final Fantasy IX (U) (RPG) (Square),最终幻想 IX C
Final Fantasy IX (U) (RPG) (Square),最终幻想 IX D
Final Fantasy Tactics (J) (S RPG) (Square),最终幻想 - 战略版
Final Fantasy Tactics (U) (S RPG) (Square),最终幻想 - 战略版
Final Fantasy Tactics Chinese Patch (CH) (S RPG) (Square),最终幻想 - 战略版 中文汉化补丁
Final Fantasy Tactics Chinese Patch 070422 (CH) (S RPG) (Square),最终幻想 - 战略版 中文汉化版
Final Fantasy Tactics Chinese Patch For ePSXe (CH) (S RPG) (Square),最终幻想 - 战略版 中文汉化补丁 For ePSXe
Final Fantasy VII (J) (RPG) (Square),最终幻想 VII 初版 A
Final Fantasy VII (J) (RPG) (Square),最终幻想 VII 初版 B
Final Fantasy VII (J) (RPG) (Square),最终幻想 VII 初版 C
Final Fantasy VII (U) (RPG) (Square),最终幻想 VII A
Final Fantasy VII (U) (RPG) (Square),最终幻想 VII B
Final Fantasy VII (U) (RPG) (Square),最终幻想 VII C
Final Fantasy VII International (J) (RPG) (Square),最终幻想 VII 国际版 A
Final Fantasy VII International (J) (RPG) (Square),最终幻想 VII 国际版 B
Final Fantasy VII International (J) (RPG) (Square),最终幻想 VII 国际版 C
Final Fantasy VII International (J) (RPG) (Square),最终幻想 VII 国际版 D
Final Fantasy VIII (J) (RPG) (Square),最终幻想 VIII A
Final Fantasy VIII (J) (RPG) (Square),最终幻想 VIII B
Final Fantasy VIII (J) (RPG) (Square),最终幻想 VIII C
Final Fantasy VIII (J) (RPG) (Square),最终幻想 VIII D
Final Fantasy VIII (U) (RPG) (Square),最终幻想 VIII A
Final Fantasy VIII (U) (RPG) (Square),最终幻想 VIII B
Final Fantasy VIII (U) (RPG) (Square),最终幻想 VIII C
Final Fantasy VIII (U) (RPG) (Square),最终幻想 VIII D
From TV Animation One Piece Grand Battle! 2 (J) (FTG) (Bandai),海贼王 - 伟大战斗 2
Front Mission 1 St (J) (S RPG) (Square Enix),前线任务 1 St
Front Mission 2 (J) (S RPG) (Square),前线任务 2
Front Mission 3 (J) (S RPG) (Square),前线任务 3
Front Mission Alternative (J) (S RPG) (Square),前线任务 - 抉择
Furaiki (J) (AVG) (Fog),风雨来记
G Darius (J) (STG) (Taito),变形战机
Gaia Master (J) (TAB) (Capcom),盖亚首领
Gakkou O Tsukurou!! 2 (J) (SLG) (Victor Interactive Software),模拟学校 2
Gakkou O Tsukurou!! Kouchou Sensei Monogatari (J) (SLG) (Victor Interactive Software),模拟学校 - 校长先生物语
Gakkou O Tsukurou!! Let's Make A School (J) (SLG) (Victor Interactive Software),模拟学校
Genso Suikoden (J) (RPG) (Konami),幻想水浒传
Genso Suikoden II (J) (RPG) (Konami),幻想水浒传 II
Genso Suikogaiden Vol 1 Harmonia No Kenshi (J) (AVG) (Konami),幻想水浒外传 Vol 1 - 哈尔摩尼亚的剑客
Genso Suikogaiden Vol 2 Crystal Valley No Kettou (J) (AVG) (Konami),幻想水浒外传 Vol 2 - 水晶谷的决斗
Getter Robot The Big Battle! (J) (S RPG) (Emotion),盖塔大决战
Gran Turismo (U) (RAC) (SCE),GT 赛车
Gran Turismo 2 (J) (RAC) (SCEI),GT 赛车 2 B
Gran Turismo 2 (J) (RAC) (SCEI),GT 赛车 2 A
Grandia (J) (RPG) (Game Arts),格兰迪亚
Grandia (U) (RPG) (Game Arts),格兰迪亚 A
Grandia (U) (RPG) (Game Arts),格兰迪亚 B
Groove Adventure Rave Mikan No Hiseki (J) (RPG) (Konami),圣石小子 - 未完的秘石
Groove Adventure Rave Plue No Daibouken (J) (ACT) (Konami),圣石小子 - 布鲁的大冒险
Groove Adventure Rave Yukyu No Kizuna (J) (A RPG) (Konami),圣石小子 - 悠久之绊
Growlanser (J) (S RPG) (Atlus),梦幻骑士 A
Growlanser (J) (S RPG) (Atlus),梦幻骑士 B
Guitar Freaks (J) (MUG) (Konami),吉他
Guitar Freaks 2nd Mix (J) (MUG) (Konami),吉他 2
Gundam Battle Assault 2 (U) (FTG) (Bandai),高达格斗 2
Gunnm - Martian Memory (J) (RPG) (Banpresto),铳梦 - 火星的记忆
Gunparade March (J) (AVG) (SCE),高机动幻想
Happy Hotel (J) (SLG) (Tohoku Shinsha),快乐酒店
Harvest Moon Back To Nature (E) (RPG) (Victor Interactive Software),牧场物语 - 回归自然
Harvest Moon Back To Nature (J) (RPG) (Victor Interactive Software),牧场物语 - 回归自然
Harvest Moon Back To Nature For Girls (J) (RPG) (Victor Interactive Software),牧场物语 - 女孩版
Heart Of Darkness (U) (ACT) (Interplay),黑暗之心 A
Heart Of Darkness (U) (ACT) (Interplay),黑暗之心 B
Heisa Byouin (J) (AVG) (Visit),闭锁病院
Herc's Adventures (U) (ACT) (LucasArts),大力神的冒险
Hikaru No Go Insei Chojyokessen (J) (AVG) (Konami),棋魂 - 院生顶上决战
Hokuto No Ken Seiki Matsukyu Seishi Densetsu (J) (ACT) (Bandai),北斗神拳 - 世纪末救世主传说
Hoshigami Ruining Blue Earth (J) (S RPG) (Max Five),星神
Hot Shots Golf 2 (U) (SPG) (SCEA),大众高尔夫 2
Hunter X Hunter Maboroshi No Greed Island (J) (RPG) (Konami),猎人 - 幻之贪婪岛
Hunter X Hunter Ubawareta Aura Stone (J) (RPG) (Konami),猎人 2
Hyouryuuki The Reportage Beyond The Sea (J) (SLG) (KSS),漂流记
Ishin No Arashi Bakumatsushishiden (J) (SLG) (Koei),维新之岚 - 幕末志士传
Jade Cocoon Story Of Tamamayu (U) (RPG) (Genki),玉茧物语
Jinguji Saburo Early Collection (J) (AVG) (Data East),侦探神宫寺三郎 - 复刻版合集
Jinguji Saburo Mikan No Rupo Popular Edition (J) (AVG) (Data East),侦探神宫寺三郎 - 未完的报告 普及版
Jinguji Saburo Tomoshibi Ga Kienumani (J) (AVG) (Data East),侦探神宫寺三郎 - 灯火消失的瞬间
Jinguji Saburo Yume No Owarini (J) (AVG) (Data East),侦探神宫寺三郎 - 梦的终结
Jojo's Bizarre Adventure (J) (FTG) (Capcom),乔乔的奇妙冒险
Kagero (J) (AVG) (Tecmo),影牢
Kaitei Taisensou (J) (STG) (Xing),海底大战争
Kamen Rider Agito (J) (FTG) (Bandai),假面骑士 - 阿基多
Kamen Rider Ryuki (J) (FTG) (Bandai),假面骑士 - 龙骑
Kawa No Nushi Tsuri (J) (SPG) (Victor Interactive Software),川钓太郎
Khamrai (J) (RPG) (Namco),神来
Klonoa - Door To Phantomile (J) (ACT) (Namco),风之克罗诺亚
Koukaku Kidoutai Ghost In The Shell (J) (STG) (SCEI),攻壳机动队
Kowloon's Gate (J) (AVG) (SCEI),九龙风水传 A
Kowloon's Gate (J) (AVG) (SCEI),九龙风水传 B
Kowloon's Gate (J) (AVG) (SCEI),九龙风水传 C
Kowloon's Gate (J) (AVG) (SCEI),九龙风水传 D
Kuon No Kizuna (J) (AVG) (Fog),久远之绊
Langrisser I & II (J) (S RPG) (NCS),梦幻模拟战 I & II
Langrisser IV (J) (S RPG) (NCS),梦幻模拟战 IV
Langrisser V (J) (S RPG) (NCS),梦幻模拟战 V
Legend Of Dragoon (U) (RPG) (SCEA),龙骑士传说 A
Legend Of Dragoon (U) (RPG) (SCEA),龙骑士传说 B
Legend Of Dragoon (U) (RPG) (SCEA),龙骑士传说 C
Legend Of Dragoon (U) (RPG) (SCEA),龙骑士传说 D
Legend Of Legaia (U) (RPG) (SCEA),雷盖亚传说
Little Princess Maru Oukoku No Ningyou Hime 2 (J) (RPG) (Nippon Ichi Software),玛鲁王国的人形姬 2
Lord Monarch (J) (SLG) (Toshiba Emi),蒙纳克皇族 - 新盖亚王国战记
Love & Destroy (J) (ACT) (SCEI),爱与破坏
Love Hina 2 Kotoba Wa Kona Yuki No You Ni (J) (AVG) (Konami),纯情房东俏房客 2
Love Hina Ai Wa Kotoba No Naka Ni (J) (AVG) (Konami),纯情房东俏房客 - 爱在言语中
Lunar 2 Eternal Blue (J) (RPG) (Kadokawa Shoten),露娜 2 - 永恒之蓝 A
Lunar 2 Eternal Blue (J) (RPG) (Kadokawa Shoten),露娜 2 - 永恒之蓝 B
Lunar 2 Eternal Blue (J) (RPG) (Kadokawa Shoten),露娜 2 - 永恒之蓝 C
Lunar Silver Star Story (J) (RPG) (Kadokawa Shoten),露娜 - 银河之星 A
Lunar Silver Star Story (J) (RPG) (Kadokawa Shoten),露娜 - 银河之星 B
Lunatic Dawn III (J) (RPG) (Artdink),侠客游 III
Lunatic Dawn Odyssey (J) (RPG) (Artdink),侠客游外传
Macross Digital Mission VF-X (J) (STG) (Bandai),超时空要塞 VF-X
Macross Do You Remember Love (J) (STG) (Bandai),超时空要塞 - 可曾记得爱
Mahjong Kurabu (CHS) (PUZ) (Hect),麻将俱乐部
Majotachi No Nemuri Fukkatsu Matsuri (J) (AVG) (Victor Interactive Software),魔女之眠 - 复活祭
Medal Of Honor - Underground (U) (FPS) (Electronic Arts),荣誉勋章 - 地下抵抗
Medal Of Honor (U) (FPS) (Electronic Arts),荣誉勋章
Memories Off (J) (AVG) (Kid),秋之回忆
Memories Off 2 (J) (AVG) (Kid),秋之回忆 2
Metal Gear Solid (U) (ACT) (Konami),合金装备 A
Metal Gear Solid (U) (ACT) (Konami),合金装备 B
Metal Gear Solid VR Missions (U) (ACT) (Konami),合金装备 - VR Missions
Metal Slug X (J) (STG) (SNK),合金弹头 X
Michinoku Hisen Koimonogatari (J) (AVG) (Fog),美少女花札纪行
Minna No Golf (J) (SPG) (SCEI),大众高尔夫
Mitsumete Knight (J) (SLG) (Konami),凝望骑士
Mitsumete Knight R Daibouken Hen (J) (RPG) (Konami),凝望骑士 R 大冒险篇
Mobile Suit Gundam Chars Counterattack (J) (ACT) (Bandai),机动战士高达 - 逆袭的夏亚
Mobile Suit Gundam Giren No Yabou Zeon No Keifu (J) (SLG) (Bandai),机动战士高达 - 基连的野望 吉翁的系谱 A
Mobile Suit Gundam Giren No Yabou Zeon No Keifu (J) (SLG) (Bandai),机动战士高达 - 基连的野望 吉翁的系谱 B
Mobile Suit Gundam Giren No Yabou Zeon No Keifu Kouryaku Shireisho (J) (SLG) (Bandai),机动战士高达 - 基连的野望 吉翁的系谱
Mobile Suit Z-Gundam (J) (ACT) (Bandai),机动战士 Z 高达 A
Mobile Suit Z-Gundam (J) (ACT) (Bandai),机动战士 Z 高达 B
Momotarou Densetsu (J) (RPG) (Hudson),桃太郎传说
Momotarou Dentetsu V (J) (TAB) (Hudson),桃太郎电铁 V
Monster Farm (J) (SLG) (Tecmo),怪物农场
Monster Farm 2 (J) (SLG) (Tecmo),怪物农场 2
Monster Farm Battle Card (J) (CAG) (Tecmo),怪物农场 - 战斗卡片
Monster Farm Jump (J) (ACT) (Tecmo),怪物农场 - 蹦蹦跳
Moon (J) (RPG) (ASCII Entertainment),月
Mortal Kombat Trilogy (U) (FTG) (Midway),真人快打 - 三部曲
Mouri Motonari Chikai No Sanshi (J) (S RPG) (Koei),毛利元就 - 三矢之誓
Namco Anthology 1 (J) (ETC) (Namco),南梦宫精选集 1
Namco Anthology 2 (J) (ETC) (Namco),南梦宫精选集 2
Nekketsu Oyako (J) (ACT) (Techno Soft),热血亲子
New Super Robot Wars (J) (S RPG) (Banpresto),新超级机器人大战
New Super Robot Wars Special Pack (J) (ETC) (Banpresto),新超级机器人大战 - 特别资料盘
Nobunaga No Yabou Tenshoki (J) (SLG) (Koei),信长之野望 - 天翔记
Noir Yeux Noire Cielgris Fantasm (J) (RPG) (Gust),黑瞳之诺雅
Oda Nobunaga Den (J) (S RPG) (Koei),织田信长传
Omega Boost (J) (STG) (SCEI),终极推进
Oni Zero - Fukkatsu (J) (RPG) (Pandorabox),Oni 零 - 复活
Ore No Ryouri (J) (ACT) (SCEI),我的料理
Ore No Shikabane O Koete Yuke (J) (RPG) (SCEI),跨过俺的尸体
Pal Shinken Densetsu (J) (RPG) (Tohoku Shinsha),神犬传说
Panzer Bandit (J) (ACT) (Banpresto) PB,格斗四人组
Panzer Front bis (J) (SLG) (Enterbrain),钢铁前线 - 加强版
Parasite Eve (J) (A RPG) (Square),寄生前夜 A
Parasite Eve (J) (A RPG) (Square),寄生前夜 B
Parasite Eve II (J) (AVG) (Square),寄生前夜 II A
Parasite Eve II (J) (AVG) (Square),寄生前夜 II B
Parasite Eve Simple Chinese Patch (CHS) (A RPG) (Square),寄生前夜 简体中文汉化补丁
Pepsiman (J) (ACT) (Kid),百事超人
Persona (J) (RPG) (Atlus),女神异闻录
Persona (U) (RPG) (Atlus),女神异闻录
Persona 2 Eternal Punishment (J) (RPG) (Atlus),女神异闻录 2 罚
Persona 2 Eternal Punishment (U) (RPG) (Atlus),女神异闻录 2 罚
Persona 2 Innocent Sin (J) (RPG) (Atlus),女神异闻录 2 - 罪
Pocket Fighter (J) (FTG) (Capcom),口袋快打
Pop'n Music (J) (MUG) (Konami),流行音乐
Pop'n Music 2 (J) (MUG) (Konami),流行音乐 2
Pop'n Music 3 Append Disc (J) (MUG) (Konami),流行音乐 3
Pop'n Music 4 Append Disc (J) (MUG) (Konami),流行音乐 4
Pop'n Music 5 (J) (MUG) (Konami),流行音乐 5
Pop'n Music 6 (J) (MUG) (Konami),流行音乐 6
Pop'n Music Animation Melody (J) (MUG) (Konami),流行音乐 - 芬芳旋律
Pop'n Music Disney Tunes (J) (MUG) (Konami),流行音乐 - 迪斯尼时刻
Popolocrois (J) (RPG) (SCEI),波波罗克洛伊斯物语
Popolocrois II (J) (RPG) (SCEI),波波罗克洛伊斯物语 II A
Popolocrois II (J) (RPG) (SCEI),波波罗克洛伊斯物语 II B
Popolocrois II (J) (RPG) (SCEI),波波罗克洛伊斯物语 II C
Poporogue (J) (RPG) (SCEI),波波罗克
R4 Ridge Racer Type 4 (U) (RAC) (Namco),山脊赛车 4
Rage Racer (J) (RAC) (Namco),山脊赛车 3
Raiden DX (J) (STG) (Seibu Kaihatsu),雷电 DX
Rayblade (J) (S RPG) (Winkysoft),圣灵机
Raystorm (J) (STG) (Taito),雷射风暴
Real Bout Special Dominated Mind (J) (FTG) (SNK),恶狼传说 - 特别版 A
Real Robot Battle Line (J) (S RPG) (Banpresto),真实机器人战线
Resident Evil 2 Dual Shock Version (U) (AVG) (Capcom),生化危机 2 - 震动版
Resident Evil Director's Cut Dual Shock Version (U) (AVG) (Capcom),生化危机 - 导演剪辑震动版
Resident Evil Survivor (U) (STG) (Capcom),生化危机 - 枪下游魂
Ridegear Guybrave (J) (ACT) (Axela),雷弩机兵
Rising Zan The Samurai Gunman (J) (ACT) (UEP Systems),回升之斩
Rockman X3 (J) (ACT) (Capcom),洛克人 X3
Rockman X4 (J) (ACT) (Capcom),洛克人 X4
Rockman X5 (J) (ACT) (Capcom),洛克人 X5
Rockman X6 (J) (ACT) (Capcom),洛克人 X6
Saga Frontier (J) (RPG) (Square),浪漫沙迦 - 开拓者
Saga Frontier (U) (RPG) (Square),浪漫沙迦 - 开拓者
Saga Frontier 2 (J) (RPG) (Square),浪漫沙迦 - 开拓者 2
Saga Frontier 2 (U) (RPG) (Square),浪漫沙迦 - 开拓者 2
Saga Frontier Simple Chinese Patch V1 0 (CHS) (RPG) (Square),浪漫沙迦 - 开拓者 简体中文汉化补丁 V1 0
Saiyuki (J) (S RPG) (Koei),西游记
Samurai Shodown RPG (J) (RPG) (SNK),真说 侍魂武士道列传
Samurai Shodown Warriors Rage 2 (J) (FTG) (SNK),侍魂新章 - 剑客异闻录
Samurai Spirits Kenkaku Yubinan Pack (J) (FTG) (SNK),侍魂 - 剑客指南
San Goku Shi Ⅴ (TCH) (SLG) (Koei),三国志 Ⅴ
San Goku Shi Ⅴ,简体中文补丁
Sangokushi III (J) (SLG) (Koei),三国志 III
Sangokushi VI (J) (SLG) (Koei),三国志 VI
Sangokushi VII (J) (SLG) (Koei) 三国志 VII,nan
SD Gundam G Generation (J) (SLG) (Bandai),机动战士高达 G世纪
SD Gundam G Generation F (J) (SLG) (Bandai),机动战士高达 G世纪 F A
SD Gundam G Generation F (J) (SLG) (Bandai),机动战士高达 G世纪 F B
SD Gundam G Generation F (J) (SLG) (Bandai),机动战士高达 G世纪 F C
SD Gundam G Generation F IF (J) (SLG) (Bandai),机动战士高达 G世纪 F IF
SD Gundam G Generation Zero (J) (SLG) (Bandai),机动战士高达 G世纪零 A
SD Gundam G Generation Zero (J) (SLG) (Bandai),机动战士高达 G世纪零 B
Seiken Densetsu Legend Of Mana (J) (A RPG) (Square),圣剑传说 - 玛娜传奇
Seiken Densetsu Legend Of Mana (U) (A RPG) (Square),圣剑传说 - 玛娜传奇
Seirishoukan Princess Of Darkness (J) (S RPG) (Shoeisha),精灵召唤
Sengoku Mugen (J) (SLG) (Banpresto),战国梦幻
Sentou Kokka Kai Improved (J) (SLG) (SCEI),战斗国家 改
Septentrion Out Of The Blue (J) (AVG) (Human),沉船求生
Shachou Eiyuuden - The Eagle Shooting Heroes (STCH) (RPG) (SCE),射雕英雄传
Shin Masoukishin Panzer Warfare (J) (S RPG) (Banpresto),真 魔装机神
Shin Megami Tensei (J) (RPG) (Atlus),真 女神转生
Shin Megami Tensei If (J) (RPG) (Atlus),真 女神转生 If
Shin Megami Tensei II (J) (RPG) (Atlus),真 女神转生 II
Shiritsu Justice Gakuen Legion Of Heroes (J) (FTG) (Capcom),私立正义学园 - 英雄军团 A
Shiritsu Justice Gakuen Legion Of Heroes (J) (FTG) (Capcom),私立正义学园 - 英雄军团 B
Shiritsu Justice Gakuen Nekketsu Seisyun Nikki 2 (J) (FTG) (Capcom),私立正义学园 - 热血青春日记 2
Silent Bomber (J) (ACT) (Bandai),沉默爆破手
Silent Bomber Simple Chinese Patch V1 0 (CHS) (ACT) (Bandai),沉默爆破手 简体中文汉化补丁 V1 0
Silent Hill (J) (AVG) (Konami),寂静岭
Silent Hill (U) (AVG) (Konami),寂静岭
Silent Hill Simple Chinese Patch V1 0 (CHS) (AVG) (Konami),寂静岭 简体中文汉化补丁 V1 0
Silhouette Mirage (J) (ACT) (Treasure),侧影幻像
Silver Jiken (AVG) (ASCII Entertainment),银色事件
Simple Characters 2000 Vol 12 Kidou Butouden G Gundam The Battle (J) (FTG) (Bandai),机动武斗传 - G 高达
Simple Characters 2000 Vol 13 Kidou Senki Gundam W The Battle (J) (FTG) (Bandai),新机动战记 - W 高达
Snatcher (J) (AVG) (Konami),诱拐者
Sol Divide (TCH) (STG) (Psikyo),太阳表决
Soldnerschild Special (J) (S RPG) (Koei),少年佣兵传
Soukyu Gurentai Oubushustugeki (J) (STG) (Data East),苍穹红莲队 - 黄武出击
Soul Edge (J) (FTG) (Namco),刀魂
Soumatou (J) (AVG) (Tecmo),苍魔灯
Sound Novel Evolution 1 Otogirisou Sosei Hen (J) (AVG) (Chunsoft),弟切草 - 苏生篇
Sound Novel Evolution 2 Kamaitachi No Yoru Tokubetsu Hen (J) (AVG) (Chunsoft),恐怖惊魂夜 - 特别篇
Sound Novel Evolution 3 Machi (J) (AVG) (Chunsoft),街 - 命运的交差点 A
Sound Novel Evolution 3 Machi (J) (AVG) (Chunsoft),街 - 命运的交差点 B
Space Battleship Yamato (J) (SLG) (Bandai),宇宙战舰大和号
Space Battleship Yamato 2 (J) (AVG) (Bandai),宇宙战舰大和号 2 A
Space Battleship Yamato 2 (J) (AVG) (Bandai),宇宙战舰大和号 2 B
Space Battleship Yamato 2 (J) (AVG) (Bandai),宇宙战舰大和号 2 C
Spectral Force Lovely Wickedness (J) (S RPG) (Idea Factory),鬼魂力量 - 爱与邪恶
Spectral Force Seishojo Gaisen The Band Of Meymay Knights (J) (S RPG) (Idea Factory),鬼魂力量外传 - 纯情可怜骑士团
Spyro The Dragon (E) (ACT) (Insomniac),小龙斯派罗
Star Ocean The Second Story (J) (RPG) (Enix),星海传说 2
Street Fighter Zero 3 (J) (FTG) (Capcom),少年街霸 3
Strikers 1945 (J) (STG) (Psikyo),打击者 1945
Strikers 1945 II (J) (STG) (Psikyo),打击者 1945 II
Suikoden Tendo 108 Sei (J) (SLG) (Koei),水浒传 - 天导 108 星
Summon Night (J) (S RPG) (Banpresto),召唤之夜
Summon Night 2 (J) (S RPG) (Banpresto),召唤之夜 2 A
Summon Night 2 (J) (S RPG) (Banpresto),召唤之夜 2 B
Super Puzzle Fighter II X (J) (PUZ) (Capcom),街霸方块
Super Robot Wars Complete Box - History Of Super Robot Wars (J) (ETC) (Banpresto),超级机器人大战合集 - 历史篇
Super Robot Wars Complete Box (J) (S RPG) (Banpresto),超级机器人大战合集
Super Robot Wars F (J) (S RPG) (Banpresto),超级机器人大战 F
Super Robot Wars F Final (J) (S RPG) (Banpresto),超级机器人大战 F 完结篇
Super Robot Wars IV Scramble (J) (S RPG) (Banpresto),超级机器人大战 IV
Super Robot Wars TV Encyclopedia (J) (ETC) (Banpresto),超级机器人大战电视大百科 A
Super Robot Wars TV Encyclopedia (J) (ETC) (Banpresto),超级机器人大战电视大百科 B
Super Robot Wars α (J) (S RPG) (Banpresto),超级机器人大战 α
Super Robot Wars α Gaiden (J) (S RPG) (Banpresto),超级机器人大战 α 外传
Suzuki Bakuhatsu (J) (AVG) (Enix),铃木爆破
Tactics Ogre Let Us Cling Together (J) (S RPG) (Quest),皇家骑士团 II
Tactics Ogre Let Us Cling Together (U) (S RPG) (Quest),皇家骑士团 II
Taikourisshiden Ⅱ (J) (RPG) (Koei),太阁立志传 Ⅱ
Taikourisshiden Ⅲ (J) (RPG) (Koei),太阁立志传 Ⅲ
Tales Of Destiny (J) (RPG) (Namco),宿命传说
Tales Of Eternia (J) (RPG) (Namco),永恒传说 A
Tales Of Eternia (J) (RPG) (Namco),永恒传说 B
Tales Of Eternia (J) (RPG) (Namco),永恒传说 C
Tales Of Phantasia (J) (A RPG) (Namco),幻想传说
Tamamayu Monogatari (J) (RPG) (Genki),玉茧物语
Tear Ring Saga (J) (S RPG) (Enterbrain),泪指轮传说 - 尤特娜英雄战记
Tekken (J) (FTG) (Namco),铁拳
Tekken 2 (J) (FTG) (Namco),铁拳 2
Tekken 3 (J) (FTG) (Namco),铁拳 3
Tenchi O Kurau II Akakabe No Tatakai (J) (ACT) (Capcom),吞食天地 II - 赤壁之战
Tenchu 2 (U) (ACT) (Activision 天诛 2,nan
Tenchu Sinobi - Gaisen (SCH) (ACT) (SCE),天诛 - 忍 凯旋
Tenchu Sinobi - Hyakusen (J) (ACT) (SCE),天诛 - 忍 百选
The Adventure Of Little Ralf (J) (ACT) (New),小人拉尔夫大冒险
The Aquanaut's Holiday (J) (AVG) (Artdink),潜水员的假日
The Book Of Watermarks (J) (AVG) (SCEI),水印之书 A
The Book Of Watermarks (J) (AVG) (SCEI),水印之书 B
The City Of Lost Children (U) (AVG) (SCEE),童梦失魂夜
The King Of Fighters '99 (J) (FTG) (SNK),拳皇 '99
The King Of Fighters Kyo (J) (FTG) (SNK),拳皇 - 京
The Legaia (J) (RPG) (SCEI),雷盖亚传说
The Legend Of Heroes I & II (J) (RPG) (Falcom),英雄传说 I & II
The Legend Of Heroes III The Shiroki Majo (J) (RPG) (Falcom),英雄传说 III - 白发魔女
The Legend Of Heroes IV (J) (RPG) (Falcom),英雄传说 IV - 朱红之泪
Theme Hospital (U) (SLG) (Bullfrog Productions),主题医院
Thousand Arms (J) (RPG) (Atlus),千剑物语 A
Thousand Arms (J) (RPG) (Atlus),千剑物语 B
Thunder Force V Perfect System (U) (STG) (Techno),雷鸟 V
Tobal 2 (J) (FTG) (Square),行星格斗 2
Tobal No 1 (J) (FTG) (Square),行星格斗
Tokimeki Memorial 2 (J) (AVG) (Konami),心跳回忆 2 A
Tokimeki Memorial 2 (J) (AVG) (Konami),心跳回忆 2 B
Tokimeki Memorial 2 (J) (AVG) (Konami),心跳回忆 2 C
Tokimeki Memorial 2 (J) (AVG) (Konami),心跳回忆 2 D
Tokimeki Memorial 2 (J) (AVG) (Konami),心跳回忆 2 E
Tokyo Majin Gakuen Ken Kaze Tobari (J) (AVG) (Asmik Ace),东京魔人学园剑风帖 A
Tokyo Majin Gakuen Ken Kaze Tobari (J) (AVG) (Asmik Ace),东京魔人学园剑风帖 B
Tokyo Majin Gakuen Oboro Kitan (J) (AVG) (Asmik Ace),东京魔人学园 - 胧绮谭
Tokyo Majin High School Gehou Cyou (J) (SLG) (Asmik Ace),东京魔人学园 - 外法帖 A
Tokyo Majin High School Gehou Cyou (J) (SLG) (Asmik Ace),东京魔人学园 - 外法帖 B
Tokyo Majin High School Gehou Cyou (J) (SLG) (Asmik Ace),东京魔人学园 - 外法帖 C
Tomb Raider (U) (AVG) (Eidos),古墓丽影
Tomb Raider II (U) (AVG) (Eidos),古墓丽影 II
Tomb Raider III (U) (AVG) (Eidos),古墓丽影 III
Tomb Raider The Last Revelation (U) (AVG) (Eidos),古墓丽影 IV - 最终启示录
Twisted Metal (U) (ACT) (SCEA),烈火战车
Twisted Metal 2 (U) (ACT) (SCEA),烈火战车 2
Twisted Metal 4 (U) (ACT) (989 Studios),烈火战车 4
Twisted Metal III (U) (ACT) (989 Studios),烈火战车 III
Twisted Metal Small Brawl (U) (ACT) (SCEA),烈火战车 Small Brawl
Umihara Kawase Shun Second Edition (J) (ACT) (Xing),海腹川背 - 旬
Vagrant Story (J) (A RPG) (Square) 放浪冒险谭,nan
Vagrant Story Simple Chinese Patch V1 0 (CHS) (A RPG) (Square),放浪冒险谭 简体中文汉化补丁 V1 0
Valkyrie Profile (J) (RPG) (Enix),北欧女神 A
Valkyrie Profile (J) (RPG) (Enix),北欧女神 B
Valkyrie Profile Simple Chinese Patch V1 04 (CHS) (RPG) (Enix),北欧女神 简体中文汉化补丁 V1 04
Vampire Hunter D (J) (AVG) (Victor Interactive Software),吸血鬼猎人 D
Vandal Hearts (J) (S RPG) (Konami),汪达尔之心 - 失落的古代文明
Vandal Hearts (U) (S RPG) (Konami),汪达尔之心 - 失落的古代文明
Vandal Hearts II Tenjo No Mon (J) (S RPG) (Konami),汪达尔之心 II - 天上之门
Vandal Hearts II Tenjo No Mon (U) (S RPG) (Konami),汪达尔之心 II - 天上之门
Wild Arms (J) (RPG) (SCEI),荒野兵器
Wild Arms 2nd Ignition (J) (RPG) (SCEI),荒野兵器 2 A
Wild Arms 2nd Ignition (J) (RPG) (SCEI),荒野兵器 2 B
Wizardry Dimguil (JE) (RPG) (ASCⅡ) 巫术,nan
Wizardry Empire (J) (RPG) (Starfish),巫术帝国 - 古之王女
Wizardry Empire II (J) (RPG) (Starfish),巫术帝国 II - 王女的遗产
World Soccer Winning Eleven 2002 (J) (SPG) (Konami),世界足球胜利十一人 2002
World Soccer Winning Eleven 3 Final Version (J) (SPG) (Konami),世界足球胜利十一人 3 - 最终版
Worms World Party (E) (SLG) (Team17),百战天虫 - 世界派对
Xenogears (CHS) (RPG) (Square),异度装甲 简体中文汉化补丁 V1 21
Xenogears (J) (RPG) (Square),异度装甲 A
Xenogears (J) (RPG) (Square),异度装甲 B
Xevious 3D G (J) (STG) (Namco),铁板阵 3D G
Yakata Nightmare Project (J) (RPG) (ASK),恶梦计划 A
Yakata Nightmare Project (J) (RPG) (ASK),恶梦计划 B
Yakata Nightmare Project (J) (RPG) (ASK),恶梦计划 C
Yarudora Series Vol 1 Double Cast (J) (AVG) (SCEI),互动剧场之一 - 双重角色 A
Yarudora Series Vol 1 Double Cast (J) (AVG) (SCEI),互动剧场之一 - 双重角色 B
Yarudora Series Vol 2 Kisetsu O Dakishimete (J) (AVG) (SCEI),互动剧场之二 - 拥抱季节 A
Yarudora Series Vol 2 Kisetsu O Dakishimete (J) (AVG) (SCEI),互动剧场之二 - 拥抱季节 B
Yarudora Series Vol 3 Sampaguita (J) (AVG) (SCEI),互动剧场之三 - 桑巴吉他 A
Yarudora Series Vol 3 Sampaguita (J) (AVG) (SCEI),互动剧场之三 - 桑巴吉他 B
Yarudora Series Vol 3 Sampaguita Special Pack (J) (ETC) (SCEI),互动剧场之三 - 桑巴吉他 特别资料盘
Yarudora Series Vol 4 Yukiwari No Hana (J) (AVG) (SCEI),互动剧场之四 - 雪割之花 A
Yarudora Series Vol 4 Yukiwari No Hana (J) (AVG) (SCEI),互动剧场之四 - 雪割之花 B
Yasoukyoku (J) (AVG) (Victor Interactive Software),夜想曲
Yasoukyoku 2 (J) (AVG) (Victor Interactive Software),夜想曲 2
Yu-Gi-Oh! Forbidden Memories (U) (CAG) (Konami),游戏王 - 封印的记忆
